[
    {
        "GROUP_ID":"bc0113f6-c984-4bc4-8d14-b352fbee92ff",
        "GROUP_NAME":"River Rafters of Columbia",
        "GROUP_UPCOMING_EVENTS" : ["Congaree River Rafting on June 4th, 2022"],
        "GROUP_CATEGORY_TYPES" : ["Outdoors", "Rafting"],
        "GROUP_MEMBERS" : ["fd2a1d6d-3419-401c-a021-cbd2b444d86c"],
        "GROUP_DESCRIPTION" : "This group is for the purpose of tranquil and high adrenaline river rafting",
        "GROUP_RATING" : 5,
        "GROUP_AUTHOR" : "John Smith",
        "GROUP_MESSAGES" : ["Hello, everyone reading this. I hope you would like to come and join me having fun rafting this weekend."],
        "GROUP_AUTHOR_CONTACT" : "jsmith00@gmail.com"
    },
    {
        "GROUP_ID":"e3ed1534-72fe-4d8c-8501-39765454e951",
        "GROUP_NAME":"Builders of America",
        "GROUP_UPCOMING_EVENTS" : ["None"],
        "GROUP_CATEGORY_TYPES" : ["Outdoors", "Construction"],
        "GROUP_MEMBERS" : ["fd2a1d6d-3419-401c-a021-cbd2b444d86c", "3cdec68b-0b06-4a8a-8bf3-76390bce6ae9", "8258b3b4-bbb6-45a5-9bf2-267d3af21191"],
        "GROUP_DESCRIPTION" : "This group is for the purpose of helping others who have suffered at the hands of natural disasters, fires, etc.",
        "GROUP_RATING" : 5,
        "GROUP_AUTHOR" : "Robert Builder",
        "GROUP_MESSAGES" : ["Hello, everyone reading this. I hope you would like to come and help us help others"],
        "GROUP_AUTHOR_CONTACT" : "bobbyboy@gmail.com"
    },
    {
        "GROUP_ID":"2550890a-a64b-4ef8-9d0e-10501ae2e08f",
        "GROUP_NAME":"ColumbiaFireFliesWatchers",
        "GROUP_UPCOMING_EVENTS" : ["None"],
        "GROUP_CATEGORY_TYPES" : ["Outdoors", "Baseball"],
        "GROUP_MEMBERS" : ["fd2a1d6d-3419-401c-a021-cbd2b444d86c", "3cdec68b-0b06-4a8a-8bf3-76390bce6ae9", "8258b3b4-bbb6-45a5-9bf2-267d3af21191"],
        "GROUP_DESCRIPTION" : "This group is for going to the local minor league baseball team.",
        "GROUP_RATING" : 3,
        "GROUP_AUTHOR" : "Samantha King",
        "GROUP_MESSAGES" : ["Hello! Come join us at the baseball park!!"],
        "GROUP_AUTHOR_CONTACT" : "samami@gmail.com"
    },
    {
        "GROUP_ID":"3bcfa771-6433-4c61-bd72-a66d628c7b20",
        "GROUP_NAME":"Frisbee disc throwing",
        "GROUP_UPCOMING_EVENTS" : ["None"],
        "GROUP_CATEGORY_TYPES" : ["Outdoors", "Frisbee"],
        "GROUP_MEMBERS" : ["fd2a1d6d-3419-401c-a021-cbd2b444d86c", "3cdec68b-0b06-4a8a-8bf3-76390bce6ae9"],
        "GROUP_DESCRIPTION" : "This group is for those who enjoy throwing the disc in the park.",
        "GROUP_RATING" : 3,
        "GROUP_AUTHOR" : "Samantha King",
        "GROUP_MESSAGES" : ["Hello, everyone reading this. Join us at the park sometime.", "Had a great time with John Smith at the park this past weekend."],
        "GROUP_GROUP_AUTHOR_CONTACT" : "samami@gmail.com"
    }
]
